证券,老艾侃股：茅台重返万亿的标杆意义！,03-18 16:59,http://finance.sina.com.cn/zl/stock/2019-03-18/zl-ihrfqzkc4871717.shtml
证券,老艾侃股：春天仍在 莫负好时光！,03-17 21:14,http://finance.sina.com.cn/zl/stock/2019-03-17/zl-ihrfqzkc4650098.shtml
证券,老艾侃股：妖股这次倒下大不同！,03-13 17:01,http://finance.sina.com.cn/zl/stock/2019-03-13/zl-ihrfqzkc3586690.shtml
证券,老艾侃股：除了研报 还有蓝筹压盘,03-12 17:23,http://finance.sina.com.cn/zl/stock/2019-03-12/zl-ihrfqzkc3309984.shtml
证券,老艾侃股：游资既未投降也未撤退！,03-11 16:45,http://finance.sina.com.cn/zl/stock/2019-03-11/zl-ihsxncvh1631085.shtml
证券,老艾侃股：连续大跌还是绝地反攻？,03-10 21:35,http://finance.sina.com.cn/zl/stock/2019-03-10/zl-ihrfqzkc2786149.shtml
证券,老艾侃股：外资出逃35亿是什么信号？,03-07 16:36,http://finance.sina.com.cn/zl/stock/2019-03-07/zl-ihsxncvh0620306.shtml
证券,老艾侃股：还有多少整数点位等待收复？,03-06 16:49,http://finance.sina.com.cn/zl/stock/2019-03-06/zl-ihrfqzkc1697655.shtml
证券,老艾侃股：游资为何敢不理大盘炒个股？,03-05 16:36,http://finance.sina.com.cn/zl/stock/2019-03-05/zl-ihrfqzkc1392417.shtml
证券,老艾侃股：巨量震荡需要跑吗？,03-04 16:40,http://finance.sina.com.cn/zl/stock/2019-03-04/zl-ihrfqzkc1067505.shtml
证券,老艾侃股：逢会必跌还会应验吗？,03-03 21:23,http://finance.sina.com.cn/zl/stock/2019-03-03/zl-ihrfqzkc0847996.shtml
